{
  "layer1.2.bn2": {
    "num_synsets": 5,
    "avg_centroid_distance": 0.26565009355545044
  },
  "layer1": {
    "num_synsets": 5,
    "avg_centroid_distance": 1.1377084255218506
  },
  "layer3.0": {
    "num_synsets": 5,
    "avg_centroid_distance": 1.4369133710861206
  },
  "layer2.0.bn1": {
    "num_synsets": 5,
    "avg_centroid_distance": 0.6300168037414551
  },
  "layer4.2.bn1": {
    "num_synsets": 5,
    "avg_centroid_distance": 1.8562309741973877
  },
  "layer3.0.conv3": {
    "num_synsets": 5,
    "avg_centroid_distance": 0.5498363971710205
  },
  "layer1.0.downsample.1": {
    "num_synsets": 5,
    "avg_centroid_distance": 2.814500331878662
  },
  "layer1.0.downsample.0": {
    "num_synsets": 5,
    "avg_centroid_distance": 2.620419979095459
  },
  "layer2.0.conv3": {
    "num_synsets": 5,
    "avg_centroid_distance": 0.33200302720069885
  },
  "layer2.2": {
    "num_synsets": 5,
    "avg_centroid_distance": 1.0231869220733643
  },
  "layer3.0.conv2": {
    "num_synsets": 5,
    "avg_centroid_distance": 0.8264540433883667
  },
  "layer2.1.bn2": {
    "num_synsets": 5,
    "avg_centroid_distance": 1.0500884056091309
  },
  "layer3.3.relu": {
    "num_synsets": 5,
    "avg_centroid_distance": 1.0353223085403442
  },
  "layer3.1.conv2": {
    "num_synsets": 5,
    "avg_centroid_distance": 0.8946478962898254
  },
  "layer3": {
    "num_synsets": 5,
    "avg_centroid_distance": 0.7971476316452026
  },
  "layer2.2.conv1": {
    "num_synsets": 5,
    "avg_centroid_distance": 0.6673181056976318
  },
  "layer3.2.relu": {
    "num_synsets": 5,
    "avg_centroid_distance": 1.0839663743972778
  },
  "layer3.4.relu": {
    "num_synsets": 5,
    "avg_centroid_distance": 0.9549910426139832
  },
  "layer3.3.conv3": {
    "num_synsets": 5,
    "avg_centroid_distance": 0.20200960338115692
  },
  "layer3.5.bn2": {
    "num_synsets": 5,
    "avg_centroid_distance": 1.0568678379058838
  },
  "layer4.2.bn2": {
    "num_synsets": 5,
    "avg_centroid_distance": 2.1373579502105713
  },
  "layer3.2.conv3": {
    "num_synsets": 5,
    "avg_centroid_distance": 0.1999131143093109
  },
  "layer2.1.conv2": {
    "num_synsets": 5,
    "avg_centroid_distance": 0.9066616892814636
  },
  "layer3.0.conv1": {
    "num_synsets": 5,
    "avg_centroid_distance": 0.6091486811637878
  },
  "layer3.0.relu": {
    "num_synsets": 5,
    "avg_centroid_distance": 1.4369133710861206
  },
  "layer1.0.downsample": {
    "num_synsets": 5,
    "avg_centroid_distance": 2.814500331878662
  },
  "layer2.2.conv3": {
    "num_synsets": 5,
    "avg_centroid_distance": 0.21422235667705536
  },
  "layer1.0.conv1": {
    "num_synsets": 5,
    "avg_centroid_distance": 0.8981391191482544
  },
  "layer1.2.relu": {
    "num_synsets": 5,
    "avg_centroid_distance": 1.1377084255218506
  },
  "layer2.1.bn3": {
    "num_synsets": 5,
    "avg_centroid_distance": 1.4797215461730957
  },
  "layer4.0.conv3": {
    "num_synsets": 5,
    "avg_centroid_distance": 0.47998446226119995
  },
  "layer1.0.bn2": {
    "num_synsets": 5,
    "avg_centroid_distance": 0.7121514678001404
  },
  "layer2.2.bn2": {
    "num_synsets": 5,
    "avg_centroid_distance": 0.5317941308021545
  },
  "layer4.2.relu": {
    "num_synsets": 5,
    "avg_centroid_distance": 16.82831382751465
  },
  "layer3.0.downsample": {
    "num_synsets": 5,
    "avg_centroid_distance": 1.8070642948150635
  },
  "layer3.0.bn3": {
    "num_synsets": 5,
    "avg_centroid_distance": 1.44158136844635
  },
  "layer4.1.conv2": {
    "num_synsets": 5,
    "avg_centroid_distance": 1.0074572563171387
  },
  "layer2.3.relu": {
    "num_synsets": 5,
    "avg_centroid_distance": 0.9414690136909485
  },
  "layer4.1.bn1": {
    "num_synsets": 5,
    "avg_centroid_distance": 1.4997577667236328
  },
  "layer4.2.bn3": {
    "num_synsets": 5,
    "avg_centroid_distance": 15.112762451171875
  },
  "layer2.2.relu": {
    "num_synsets": 5,
    "avg_centroid_distance": 1.0231869220733643
  },
  "layer3.0.bn1": {
    "num_synsets": 5,
    "avg_centroid_distance": 0.8418674468994141
  },
  "layer3.3.conv2": {
    "num_synsets": 5,
    "avg_centroid_distance": 0.39070671796798706
  },
  "layer1.2.conv1": {
    "num_synsets": 5,
    "avg_centroid_distance": 0.2455892115831375
  },
  "layer2.0.conv2": {
    "num_synsets": 5,
    "avg_centroid_distance": 0.5356422066688538
  },
  "layer1.1.conv1": {
    "num_synsets": 5,
    "avg_centroid_distance": 0.5265622735023499
  },
  "layer4.0.bn1": {
    "num_synsets": 5,
    "avg_centroid_distance": 1.439497470855713
  },
  "layer3.2": {
    "num_synsets": 5,
    "avg_centroid_distance": 1.0839663743972778
  },
  "layer3.4": {
    "num_synsets": 5,
    "avg_centroid_distance": 0.9549910426139832
  },
  "layer2.0.relu": {
    "num_synsets": 5,
    "avg_centroid_distance": 1.9247443675994873
  },
  "layer2.2.bn1": {
    "num_synsets": 5,
    "avg_centroid_distance": 0.6286129951477051
  },
  "layer4.1.relu": {
    "num_synsets": 5,
    "avg_centroid_distance": 7.3312530517578125
  },
  "layer3.4.bn3": {
    "num_synsets": 5,
    "avg_centroid_distance": 0.7113724946975708
  },
  "layer2.3.bn3": {
    "num_synsets": 5,
    "avg_centroid_distance": 0.3543476462364197
  },
  "layer4.0.conv2": {
    "num_synsets": 5,
    "avg_centroid_distance": 0.9285656809806824
  },
  "layer3.3.bn3": {
    "num_synsets": 5,
    "avg_centroid_distance": 0.7055150270462036
  },
  "layer3.1.bn2": {
    "num_synsets": 5,
    "avg_centroid_distance": 1.2271673679351807
  },
  "layer4.0.downsample.0": {
    "num_synsets": 5,
    "avg_centroid_distance": 0.6450802683830261
  },
  "layer4.2.conv3": {
    "num_synsets": 5,
    "avg_centroid_distance": 0.640518069267273
  },
  "layer2.1.conv1": {
    "num_synsets": 5,
    "avg_centroid_distance": 2.269873857498169
  },
  "layer2.3.conv3": {
    "num_synsets": 5,
    "avg_centroid_distance": 0.10066282749176025
  },
  "layer2": {
    "num_synsets": 5,
    "avg_centroid_distance": 0.9414690136909485
  },
  "layer4.2": {
    "num_synsets": 5,
    "avg_centroid_distance": 16.82831382751465
  },
  "layer3.5.conv2": {
    "num_synsets": 5,
    "avg_centroid_distance": 0.6125878691673279
  },
  "layer3.5.bn1": {
    "num_synsets": 5,
    "avg_centroid_distance": 0.9246628880500793
  },
  "layer1.0.conv2": {
    "num_synsets": 5,
    "avg_centroid_distance": 0.8310378789901733
  },
  "layer2.2.bn3": {
    "num_synsets": 5,
    "avg_centroid_distance": 0.635748565196991
  },
  "layer3.5.bn3": {
    "num_synsets": 5,
    "avg_centroid_distance": 1.1444355249404907
  },
  "layer3.0.bn2": {
    "num_synsets": 5,
    "avg_centroid_distance": 0.8290063738822937
  },
  "layer2.3.bn2": {
    "num_synsets": 5,
    "avg_centroid_distance": 0.32835152745246887
  },
  "layer1.2.bn1": {
    "num_synsets": 5,
    "avg_centroid_distance": 0.31460854411125183
  },
  "layer2.0.downsample.0": {
    "num_synsets": 5,
    "avg_centroid_distance": 1.9791955947875977
  },
  "layer3.4.bn2": {
    "num_synsets": 5,
    "avg_centroid_distance": 0.6741499900817871
  },
  "layer2.0": {
    "num_synsets": 5,
    "avg_centroid_distance": 1.9247443675994873
  },
  "layer2.0.downsample.1": {
    "num_synsets": 5,
    "avg_centroid_distance": 2.6719956398010254
  },
  "layer3.2.bn2": {
    "num_synsets": 5,
    "avg_centroid_distance": 0.6178223490715027
  },
  "layer1.1.conv2": {
    "num_synsets": 5,
    "avg_centroid_distance": 0.37735337018966675
  },
  "layer3.1.bn1": {
    "num_synsets": 5,
    "avg_centroid_distance": 1.027160882949829
  },
  "layer1.0.bn1": {
    "num_synsets": 5,
    "avg_centroid_distance": 0.7056369781494141
  },
  "layer3.2.bn3": {
    "num_synsets": 5,
    "avg_centroid_distance": 0.6318784952163696
  },
  "layer4.1.bn3": {
    "num_synsets": 5,
    "avg_centroid_distance": 6.6776933670043945
  },
  "layer2.3": {
    "num_synsets": 5,
    "avg_centroid_distance": 0.9414690136909485
  },
  "layer3.4.conv3": {
    "num_synsets": 5,
    "avg_centroid_distance": 0.18555369973182678
  },